1.;1;Aufbruch ins Unbekannte – Teil 1 
1.;2;Aufbruch ins Unbekannte – Teil 2 
1.;3;Freund oder Feind 
1.;4;Geistergeschichten 
1.;5;In guter Hoffnung 
1.;6;Terra Nova 
1.;7;Doppeltes Spiel 
1.;8;Das Eis bricht 
1.;9;Die Saat 
1.;10;Familienbande 
1.;11;Kalter Krieg 
1.;12;Lautloser Feind 
1.;13;Lieber Doktor 
1.;14;Schlafende Hunde 
1.;15;Im Schatten von P’Jem 
1.;16;Allein 
1.;17;Verschmelzung 
1.;18;Gesetze der Jagd 
1.;19;Raumpiraten 
1.;20;Schiff der Geister 
1.;21;In sicherem Gewahrsam 
1.;22;Vox Sola 
1.;23;Gefallene Heldin 
1.;24;Durch die Wüste 
1.;25;Zwei Tage auf Risa 
1.;26;Die Schockwelle – Teil 1 
2.;1;Die Schockwelle – Teil 2 
2.;2;Carbon Creek 
2.;3;Das Minenfeld 
2.;4;Todesstation 
2.;5;Eine Nacht Krankenstation 
2.;6;Marodeure 
2.;7;Der Siebente 
2.;8;Der Kommunikator 
2.;9;Eigenarten 
2.;10;Vermisst 
2.;11;Kostbare Fracht 
2.;12;Der Laufsteg 
2.;13;Morgengrauen 
2.;14;Stigma 
2.;15;Waffenstillstand 
2.;16;Die Zukunft 
2.;17;Canamar 
2.;18;Übergang 
2.;19;Das Urteil 
2.;20;Horizon 
2.;21;Böses Blut 
2.;22;Cogenitor 
2.;23;Regeneration 
2.;24;Erstflug 
2.;25;Kopfgeld 
2.;26;Die Ausdehnung 
3.;1;Die Xindi 
3.;2;Anomalie 
3.;3;Transformation 
3.;4;Rajiin 
3.;5;Impulsiv 
3.;6;Exil 
3.;7;Die Ladung 
3.;8;Dämmerung 
3.;9;Faustrecht 
3.;10;Ebenbild 
3.;11;Carpenter Street 
3.;12;Das auserwählte Reich 
3.;13;Testgebiet 
3.;14;Kriegslist 
3.;15;Der Vorbote 
3.;16;Auf ärztliche Anweisung 
3.;17;Brutstätte 
3.;18;Azati Prime 
3.;19;Beschädigungen 
3.;20;Die Vergessenen 
3.;21;E² 
3.;22;Der Rat 
3.;23;Countdown 
3.;24;Stunde Null 
4.;1;Sturmfront – Teil 1 
4.;2;Sturmfront – Teil 2 
4.;3;Zuhause 
4.;4;Borderland 
4.;5;Cold Station 12 
4.;6;Die Augments 
4.;7;Der Anschlag 
4.;8;Zeit des Erwachens 
4.;9;Kir’Shara 
4.;10;Daedalus 
4.;11;Beobachtungseffekt 
4.;12;Babel 
4.;13;Vereinigt 
4.;14;Die Aenar 
4.;15;Die Heimsuchung 
4.;16;Die Abweichung 
4.;17;Die Verbindung 
4.;18;Die dunkle Seite des Spiegels – Teil 1 
4.;19;Die dunkle Seite des Spiegels – Teil 2 
4.;20;Dämonen 
4.;21;Terra Prime 
4.;22;Dies sind die Abenteuer 
